{"Time/time_pred_step":0.04295370415413736,"Loss/avg":0.2319190522821823,"Time/time_enc_step":0.18910101416559505,"Time/time_pred_avg":0.04295370415413736,"Mask/mask_pred":0.13254413770458684,"Time/time_enc_avg":0.18910101416559505,"LR/lr":0.000206464,"EMA/momentum":0.9960010773333333,"_step":725,"Mask/mask_enc":0.544388307612649,"WD/wd":0.04000006443509019,"_runtime":134.525104065,"_wandb":{"runtime":134},"Loss/step":0.16424709558486938,"_timestamp":1.7739911546371262e+09}