{"Loss/step":0.005309653002768755,"EMA/momentum":0.9960088106666667,"Time/time_enc_step":0.08414702511308202,"Time/time_pred_step":0.03800761783656789,"_timestamp":1.77399100528639e+09,"Mask/mask_enc":0.7539344095847301,"Mask/mask_pred":0.16869732967814013,"Loss/avg":0.005213814083282924,"Time/time_enc_avg":0.08414702511308202,"LR/lr":0.000252864,"Time/time_pred_avg":0.03800761783656789,"_runtime":320.591539138,"WD/wd":0.04000430961109874,"_wandb":{"runtime":320},"_step":1450}